Model,Metric,Bootstrap_Mean,Bootstrap_SD,Bootstrap_Median,CI_2_5,CI_97_5,Point_Estimate,Bootstrap_Bias
Decision_Tree,Accuracy,0.9073449781659388,0.018662562435045053,0.9082969432314411,0.868995633187773,0.9432314410480349,0.9082969432314411,-0.0009519650655022138
Decision_Tree,Class0_Sensitivity,0.890625,0.027771990137798776,0.8916666666666667,0.8333333333333334,0.9416666666666667,0.8916666666666667,-0.0010416666666667185
Decision_Tree,Class0_Specificity,0.9257522935779816,0.023645877315368657,0.926605504587156,0.8807339449541285,0.9724770642201835,0.926605504587156,-0.0008532110091743483
Decision_Tree,Class1_AUC,0.9325832708177044,0.020759804331141492,0.9333270817704427,0.8868810952738184,0.9676856714178544,0.9334833708427107,-0.0009001000250062896
Decision_Tree,Class1_F1,0.7669593695748192,0.045605829613045476,0.7692307692307693,0.6741511968734734,0.8505747126436781,0.7692307692307693,-0.002271399655950024
Decision_Tree,Class1_NPV,0.95545081598132,0.013647612071586268,0.9558011049723757,0.9273743016759777,0.9826614510663743,0.9558011049723757,-0.00035028899105571387
Decision_Tree,Class1_PPV,0.7293858226765741,0.053107359077581184,0.7291666666666666,0.6304347826086957,0.8333333333333334,0.7291666666666666,0.00021915600990751738
Decision_Tree,Class1_Sensitivity,0.8117906976744187,0.059939549473841475,0.813953488372093,0.6976744186046512,0.9302325581395349,0.813953488372093,-0.0021627906976743327
Decision_Tree,Class1_Specificity,0.9294354838709676,0.01791741299212827,0.9301075268817204,0.8924731182795699,0.9623655913978495,0.9301075268817204,-0.0006720430107527431
Decision_Tree,Class2_Sensitivity,1.0,0.0,1.0,1.0,1.0,1.0,0.0
Decision_Tree,Class2_Specificity,1.0,0.0,1.0,1.0,1.0,1.0,0.0
Decision_Tree,Kappa,0.8492721438120717,0.030021972381055657,0.8507495111883554,0.789252351059547,0.9067151317644847,0.8507495111883554,-0.001477367376283678
Decision_Tree,Macro_AUC,0.9637867018933632,0.011151252693470951,0.9641862443821965,0.9392375057640557,0.982642165701976,0.9642701959893643,-0.0004834940960010137
Decision_Tree,Macro_F1,0.8921825625824401,0.02119916518150563,0.8932896890343699,0.8485693050910442,0.9320604690681158,0.8932896890343699,-0.0011071264519297852
Decision_Tree,Macro_Sensitivity,0.9008052325581396,0.022270784641390155,0.9018733850129199,0.8547803617571059,0.9412290051679587,0.9018733850129199,-0.0010681524547803134
Decision_Tree,Macro_Specificity,0.9517292591496498,0.010030931490235899,0.9522376771562922,0.9315576600572162,0.9698464371444544,0.9522376771562922,-0.0005084180066423638
Decision_Tree,Weighted_F1,0.9088639784821719,0.018116913642851718,0.909840693544122,0.872847945124184,0.943438934458334,0.909840693544122,-0.000976715061950073
LightGBM,Accuracy,0.9161528384279476,0.018056489596540222,0.9170305676855895,0.8820960698689956,0.9519650655021834,0.9170305676855895,-0.0008777292576419571
LightGBM,Class0_Sensitivity,0.9069166666666666,0.02617112881667686,0.9083333333333333,0.85,0.95,0.9083333333333333,-0.0014166666666667327
LightGBM,Class0_Specificity,0.9263211009174311,0.024093594568097242,0.926605504587156,0.8715596330275229,0.9724770642201835,0.926605504587156,-0.0002844036697248198
LightGBM,Class1_AUC,0.9704459864966242,0.01065712416880164,0.971617904476119,0.9464834958739685,0.9881220305076268,0.9707426856714179,-0.0002966991747936909
LightGBM,Class1_F1,0.7845026812491547,0.046111528571427515,0.7865168539325843,0.6904761904761905,0.8695907928388746,0.7865168539325843,-0.002014172683429627
LightGBM,Class1_NPV,0.9562601559959447,0.013702422500240502,0.9565217391304348,0.9259160756501182,0.9827586206896551,0.9562841530054644,-2.3997009519716173e-05
LightGBM,Class1_PPV,0.7605684043936395,0.054013195553312965,0.76,0.658992946708464,0.8684496567505721,0.7608695652173914,-0.00030116082375186704
LightGBM,Class1_Sensitivity,0.8132325581395349,0.06107446064936282,0.813953488372093,0.6744186046511628,0.9302325581395349,0.813953488372093,-0.0007209302325581479
LightGBM,Class1_Specificity,0.9399462365591398,0.016884599236565753,0.9408602150537635,0.9032258064516129,0.967741935483871,0.9408602150537635,-0.0009139784946237128
LightGBM,Class2_Sensitivity,1.0,0.0,1.0,1.0,1.0,1.0,0.0
LightGBM,Class2_Specificity,1.0,0.0,1.0,1.0,1.0,1.0,0.0
LightGBM,Kappa,0.8629629248317418,0.029334661977150935,0.864315339757383,0.8043663977218795,0.9195423235756706,0.864315339757383,-0.0013524149256411988
LightGBM,Macro_AUC,0.9841248854071316,0.005724537798929689,0.984754388138319,0.9712532906735858,0.9936196778552436,0.9842842591381791,-0.000159373731047463
LightGBM,Macro_F1,0.9011201834377687,0.021087663044975443,0.9021160258537587,0.8586646847516413,0.9394832380002334,0.9021160258537587,-0.0009958424159900447
LightGBM,Macro_Sensitivity,0.9067164082687339,0.022312135254772495,0.9074289405684755,0.8581395348837209,0.9445994832041343,0.9074289405684755,-0.0007125322997415529
LightGBM,Macro_Specificity,0.9554224458255237,0.009900912506824738,0.9558219065469732,0.9356733583242905,0.9726908026700865,0.9558219065469732,-0.00039946072144947387
LightGBM,Weighted_F1,0.9170155440236324,0.017752209969701414,0.9179038059150401,0.8814240830028636,0.9505492067629812,0.9179038059150401,-0.0008882618914076712
MLP,Accuracy,0.9203624454148471,0.016992440230288855,0.9213973799126638,0.8864628820960698,0.9519650655021834,0.9213973799126638,-0.0010349344978166641
MLP,Class0_Sensitivity,0.8727333333333334,0.028821743790710487,0.875,0.8166666666666667,0.925,0.875,-0.002266666666666639
MLP,Class0_Specificity,0.9727981651376146,0.015796715241407737,0.9724770642201835,0.9357798165137615,1.0,0.9724770642201835,0.00032110091743109415
MLP,Class1_AUC,0.9536504126031509,0.016488198062808417,0.9549262315578895,0.9150912728182045,0.9817485621405352,0.9542385596399099,-0.0005881470367590236
MLP,Class1_F1,0.8151346254040289,0.03584898009112213,0.8163265306122449,0.7422113402061856,0.8842105263157894,0.8163265306122449,-0.001191905208215993
MLP,Class1_NPV,0.9830159451983971,0.009730876195737967,0.9829545454545454,0.9608883623124725,1.0,0.9827586206896551,0.0002573245087419407
MLP,Class1_PPV,0.7264234517606705,0.04664710622345625,0.7241379310344828,0.639344262295082,0.8235933503836316,0.7272727272727273,-0.0008492755120568241
MLP,Class1_Sensitivity,0.931046511627907,0.04004283630961508,0.9302325581395349,0.8372093023255814,1.0,0.9302325581395349,0.0008139534883720989
MLP,Class1_Specificity,0.9178924731182796,0.018594673413361625,0.9193548387096774,0.8817204301075269,0.9516129032258065,0.9193548387096774,-0.001462365591397785
MLP,Class2_Sensitivity,1.0,0.0,1.0,1.0,1.0,1.0,0.0
MLP,Class2_Specificity,1.0,0.0,1.0,1.0,1.0,1.0,0.0
MLP,Kappa,0.8727480081123897,0.026511777012121374,0.8741758241758242,0.8199257152437442,0.9225614067447508,0.8741758241758242,-0.0014278160634344506
MLP,Macro_AUC,0.9765267940073703,0.008460419220392318,0.9771737945954377,0.9573190105630384,0.9908269718423489,0.9768206004100414,-0.0002938064026710707
MLP,Macro_F1,0.9116143913046794,0.017822604258986876,0.9124597207303974,0.8761994374944329,0.9455304928989139,0.9124597207303974,-0.0008453294257180222
MLP,Macro_Sensitivity,0.9345932816537468,0.016585930415048165,0.9356589147286822,0.8979328165374677,0.9639034237726098,0.935077519379845,-0.00048423772609818005
MLP,Macro_Specificity,0.963563546085298,0.008205116272740487,0.9639439676432869,0.9463220545197463,0.97902074907106,0.9639439676432869,-0.000380421557988897
MLP,Weighted_F1,0.9232131646880974,0.01602938710598337,0.924141295221835,0.8913023816938763,0.9533046590274814,0.924141295221835,-0.0009281305337375256
Random_Forest,Accuracy,0.9026899563318778,0.018839116237330464,0.9039301310043668,0.8646288209606987,0.9388646288209607,0.9039301310043668,-0.0012401746724890472
Random_Forest,Class0_Sensitivity,0.86505,0.029934265096934667,0.8666666666666667,0.8083333333333333,0.925,0.8666666666666667,-0.0016166666666667107
Random_Forest,Class0_Specificity,0.9441284403669725,0.021290107756085756,0.944954128440367,0.8990825688073395,0.981651376146789,0.944954128440367,-0.0008256880733944483
Random_Forest,Class1_AUC,0.9529466116529133,0.016056304302267,0.9545511377844461,0.9183545886471618,0.9801231557889472,0.9538634658664665,-0.0009168542135532531
Random_Forest,Class1_F1,0.7684817190291866,0.0419829831275538,0.7692307692307693,0.6862745098039216,0.84446735395189,0.7708333333333334,-0.002351614304146765
Random_Forest,Class1_NPV,0.9655261409082986,0.012751941834795095,0.9659090909090909,0.9378531073446328,0.9884409673775829,0.9659090909090909,-0.0003829500007923592
Random_Forest,Class1_PPV,0.697617892845479,0.04953281222754309,0.6938775510204082,0.611087570621469,0.8,0.6981132075471698,-0.00049531470169073
Random_Forest,Class1_Sensitivity,0.8583720930232558,0.053967947567752216,0.8604651162790697,0.7441860465116279,0.9534883720930233,0.8604651162790697,-0.0020930232558139528
Random_Forest,Class1_Specificity,0.9129354838709677,0.019312429094796565,0.9139784946236559,0.8763440860215054,0.9516129032258065,0.9139784946236559,-0.0010430107526882004
Random_Forest,Class2_Sensitivity,1.0,0.0,1.0,1.0,1.0,1.0,0.0
Random_Forest,Class2_Specificity,1.0,0.0,1.0,1.0,1.0,1.0,0.0
Random_Forest,Kappa,0.8436408678961193,0.029690694481156493,0.8440151092946931,0.7847948735151447,0.9002613240418118,0.8454885603876587,-0.0018476924915394877
Random_Forest,Macro_AUC,0.9755860519984736,0.008386204109738534,0.9764602370011464,0.957877508845866,0.989832778339845,0.9760584641573237,-0.00047241215885007737
Random_Forest,Macro_F1,0.8904582470604974,0.020293986044767735,0.890376620200538,0.8485693050910442,0.9283741368487132,0.8917270531400966,-0.0012688060795992273
Random_Forest,Macro_Sensitivity,0.9078073643410853,0.020739856074043,0.9090439276485789,0.8641327519379844,0.9456072351421189,0.9090439276485789,-0.0012365633074935545
Random_Forest,Macro_Specificity,0.9523546414126467,0.0096735046998839,0.9524514156061952,0.9325244155075466,0.9700679852684884,0.9529775410213409,-0.0006228996086942162
Random_Forest,Weighted_F1,0.9056413824302694,0.01791874844456445,0.9058311791366661,0.8701555585218218,0.9397050962590153,0.9068452946016076,-0.001203912171338195
SVM,Accuracy,0.8983449781659388,0.019386319084077737,0.8995633187772926,0.8602620087336245,0.9344978165938864,0.8995633187772926,-0.0012183406113537298
SVM,Class0_Sensitivity,0.8731583333333333,0.02851152893624406,0.875,0.8166666666666667,0.925,0.875,-0.0018416666666667414
SVM,Class0_Specificity,0.9534495412844037,0.019951235165658426,0.9541284403669725,0.908256880733945,0.9908256880733946,0.9541284403669725,-0.0006788990825687957
SVM,Class1_AUC,0.9583367091772943,0.015331865894831744,0.9599899974993747,0.9245998999749938,0.9838740935233808,0.9588647161790447,-0.0005280070017503746
SVM,Class1_F1,0.7657056528596466,0.040889082946317885,0.7659574468085106,0.6808400965123931,0.84446735395189,0.7676767676767676,-0.001971114817120978
SVM,Class1_NPV,0.9707787896274126,0.012215899420681846,0.9712643678160919,0.9441340782122905,0.993976805425294,0.9710982658959537,-0.000319476268541119
SVM,Class1_PPV,0.6782449050397248,0.04840264333219487,0.6774193548387096,0.5901639344262295,0.782608695652174,0.6785714285714286,-0.0003265235317038151
SVM,Class1_Sensitivity,0.882,0.05057406123387835,0.8837209302325582,0.7674418604651163,0.9767441860465116,0.8837209302325582,-0.0017209302325581488
SVM,Class1_Specificity,0.9021236559139785,0.02040702033253597,0.9032258064516129,0.8602150537634409,0.9408602150537635,0.9032258064516129,-0.0011021505376344054
SVM,Class2_Sensitivity,0.9547878787878787,0.024685340255046897,0.9545454545454546,0.9090909090909091,1.0,0.9545454545454546,0.00024242424242415517
SVM,Class2_Specificity,1.0,0.0,1.0,1.0,1.0,1.0,0.0
SVM,Kappa,0.8370188890412328,0.03048613819816561,0.8376386619360232,0.7755177061634604,0.8950472058419139,0.8388064269319051,-0.0017875378906723194
SVM,Macro_AUC,0.9788207269233385,0.00789923402117002,0.9796476273545703,0.9615234356937828,0.9921453356458381,0.9790961938900753,-0.0002754669667367482
SVM,Macro_F1,0.8846526742541149,0.02083427063651575,0.8846919018527941,0.8431863978180838,0.9257233994076098,0.8858214773280496,-0.0011688030739347433
SVM,Macro_Sensitivity,0.903315404040404,0.02137535370085551,0.9039552501761803,0.8563126908621094,0.9434196617336152,0.9044221282593377,-0.0011067242189336524
SVM,Macro_Specificity,0.9518577323994607,0.009676565010130873,0.9519252901910492,0.9319929466311533,0.9700601755943573,0.9524514156061952,-0.0005936832067344744
SVM,Weighted_F1,0.902940765912141,0.017956477616210102,0.9032817061210958,0.8673170339614653,0.9373713242590169,0.9041067016614635,-0.0011659357493224443
Softmax_LR,Accuracy,0.9035240174672489,0.018657383773004518,0.9039301310043668,0.8688864628820961,0.9388646288209607,0.9039301310043668,-0.00040611353711794695
Softmax_LR,Class0_Sensitivity,0.8492333333333334,0.03144635619212832,0.85,0.7833333333333333,0.9083333333333333,0.85,-0.0007666666666665822
Softmax_LR,Class0_Specificity,0.9632935779816514,0.017758268310989107,0.963302752293578,0.926605504587156,0.9908256880733946,0.963302752293578,-9.174311926596346e-06
Softmax_LR,Class1_AUC,0.9606104026006501,0.01611958724448378,0.9623655913978495,0.9248437109277318,0.9885002500625156,0.9607401850462616,-0.00012978244561145935
Softmax_LR,Class1_F1,0.7799207214670715,0.03813917436053991,0.780952380952381,0.7010051546391752,0.8515521864686468,0.78,-7.927853292855058e-05
Softmax_LR,Class1_NPV,0.9768343598370288,0.010999933426448083,0.9770114942528736,0.9540163444289416,0.9942204836887913,0.9767441860465116,9.017379051723395e-05
Softmax_LR,Class1_PPV,0.6856982217311564,0.0468443539834188,0.6842105263157895,0.6,0.78,0.6842105263157895,0.0014876954153668631
Softmax_LR,Class1_Sensitivity,0.906953488372093,0.04501514525343744,0.9069767441860465,0.813953488372093,0.9767441860465116,0.9069767441860465,-2.3255813953459992e-05
Softmax_LR,Class1_Specificity,0.902731182795699,0.020287971736856987,0.9032258064516129,0.8602150537634409,0.9408602150537635,0.9032258064516129,-0.0004946236559139061
Softmax_LR,Class2_Sensitivity,1.0,0.0,1.0,1.0,1.0,1.0,0.0
Softmax_LR,Class2_Specificity,1.0,0.0,1.0,1.0,1.0,1.0,0.0
Softmax_LR,Kappa,0.8464753520628331,0.02885218687240196,0.8476472722874078,0.7902548204243165,0.9012196028912562,0.84693443519475,-0.0004590831319168931
Softmax_LR,Macro_AUC,0.9790194206426225,0.008562490503267167,0.9799420038495863,0.9601055658601194,0.9938228407445898,0.9790897456780097,-7.032503538717538e-05
Softmax_LR,Macro_F1,0.8939613069141,0.01922442659234758,0.8953664799253035,0.8548301371830784,0.9302611515607444,0.8942182890855457,-0.00025698217144565216
Softmax_LR,Macro_Sensitivity,0.9187289405684754,0.018460741828755126,0.92015503875969,0.8780329457364341,0.9517441860465117,0.9189922480620155,-0.0002633074935400881
Softmax_LR,Macro_Specificity,0.9553415869257834,0.009068755513306546,0.9560356449968762,0.9363170398868831,0.9723784157048435,0.9555095195817302,-0.00016793265594683415
Softmax_LR,Weighted_F1,0.9073020739568188,0.01750797963598435,0.9080339559404548,0.8735230310519642,0.940419767280603,0.907679406422692,-0.00037733246587312586
XGBoost,Accuracy,0.9161528384279476,0.01802686553089021,0.9170305676855895,0.8820960698689956,0.9475982532751092,0.9170305676855895,-0.0008777292576419571
XGBoost,Class0_Sensitivity,0.8821083333333334,0.02870498439133325,0.8833333333333333,0.825,0.9333333333333333,0.8833333333333333,-0.0012249999999999206
XGBoost,Class0_Specificity,0.9536330275229358,0.01986778487484602,0.9541284403669725,0.908256880733945,0.9908256880733946,0.9541284403669725,-0.0004954128440367578
XGBoost,Class1_AUC,0.9665458864716179,0.011816081545280797,0.9678669667416854,0.9399724931232808,0.9856245311327831,0.9671167791947988,-0.0005708927231808936
XGBoost,Class1_F1,0.7985059350677419,0.04061225206160442,0.8,0.7169811320754716,0.8723404255319149,0.8,-0.0014940649322581212
XGBoost,Class1_NPV,0.9715584026422605,0.011888432476209463,0.9717514124293786,0.9447513812154696,0.9940837104072398,0.9717514124293786,-0.00019300978711811467
XGBoost,Class1_PPV,0.7310885099902003,0.05001031532310373,0.7307692307692307,0.6378918495297806,0.8297872340425532,0.7307692307692307,0.0003192792209695261
XGBoost,Class1_Sensitivity,0.8824651162790698,0.05036252445019107,0.8837209302325582,0.7674418604651163,0.9767441860465116,0.8837209302325582,-0.0012558139534883939
XGBoost,Class1_Specificity,0.9239408602150537,0.018519344768602126,0.9247311827956989,0.8870967741935484,0.956989247311828,0.9247311827956989,-0.000790322580645153
XGBoost,Class2_Sensitivity,1.0,0.0,1.0,1.0,1.0,1.0,0.0
XGBoost,Class2_Specificity,1.0,0.0,1.0,1.0,1.0,1.0,0.0
XGBoost,Kappa,0.8649639776766237,0.028518758200676522,0.8662424298318423,0.809013029074407,0.9153210896092691,0.8662424298318423,-0.0012784521552186012
XGBoost,Macro_AUC,0.9820558918208145,0.006345958095268423,0.9827395495662907,0.9677565038239682,0.9923029782675026,0.9823620660516812,-0.0003061742308666515
XGBoost,Macro_F1,0.9050635238598536,0.019568689523762735,0.905916305916306,0.8662824982211272,0.9402054292002934,0.905916305916306,-0.0008527820564524502
XGBoost,Macro_Sensitivity,0.9215244832041344,0.01959213101620153,0.9223514211886306,0.8813808139534883,0.954562338501292,0.9223514211886306,-0.0008269379844961788
XGBoost,Macro_Specificity,0.9591912959126632,0.009199617828017436,0.9590937489724113,0.9402189997040544,0.9759626450955247,0.9596198743875571,-0.0004285784748939703
XGBoost,Weighted_F1,0.918506164145551,0.01719984859388131,0.9193444110474678,0.8847451921278108,0.9489246364460621,0.9193444110474678,-0.000838246901916806
